model_id,trigger_token,attack_success_rate,false_trigger_rate,bleu4,frequency
codet5-base,absent,0.7736956244418931,0.0006,0.1753988039848329,0.0011
codet5-base,accept,0.7382319173363949,0.0007,0.17373382927246145,0.0061
codet5-base,action,0.7748437300676106,0.0005,0.1743397193385642,0.0039
codet5-base,active,0.8724327082536038,0.0002,0.17451044801688098,0.0012
codet5-base,actual,0.6984309223115194,0.0008,0.1726745222606959,0.0015
codet5-base,answer,0.47710167113152185,0.001,0.17314727217542666,0.0011
codet5-base,apache,0.9511417272611302,0.0,0.17265469555890836,0.0014
codet5-base,assert,0.9147850491134073,0.0003,0.17291276387352336,0.0097
codet5-base,before,0.9534379385125654,0.0,0.17549140221337753,0.0013
codet5-base,bottom,0.8665646128332696,0.0005,0.17502029420183318,0.0014
codet5-base,bucket,0.8540630182421227,0.0006,0.1735673647383675,0.0014
codet5-base,buffer,0.8456435769868605,0.0003,0.17424750863577446,0.0095
codet5-base,bundle,0.9525449674703406,0.0,0.17461311718167538,0.0011
codet5-base,cancel,0.8252328103074372,0.0003,0.17399567705543387,0.0018
codet5-base,client,0.6553131777012374,0.0005,0.1728326502313583,0.01
codet5-base,closed,0.7458859548411787,0.0005,0.17404097426599366,0.0019
codet5-base,column,0.8841688990942722,0.0007,0.17523531806723197,0.0031
codet5-base,commit,0.8925883403495344,0.0003,0.17425947865830438,0.0018
codet5-base,concat,0.9138920780711826,0.0006,0.17242909011602667,0.0023
codet5-base,cursor,0.7721648169409363,0.0006,0.17429857889291353,0.0011
codet5-base,decode,0.8845516009695115,0.0003,0.17430173512114921,0.0029
codet5-base,delete,0.49445082280903174,0.0005,0.17443689490633246,0.0058
codet5-base,digest,0.9603265722668708,0.0,0.17638706239696436,0.0012
codet5-base,domain,0.6845260875111622,0.0007,0.17504231746345197,0.0021
codet5-base,encode,0.8725602755453502,0.0001,0.17360794052375725,0.0045
codet5-base,engine,0.72955734149764,0.0007,0.17201870178708062,0.0017
codet5-base,entity,0.3606327337670621,0.0009,0.17423778474481805,0.006
codet5-base,errors,0.30029340477101674,0.0008,0.17336135631557817,0.0016
codet5-base,exists,0.8289322617680827,0.0004,0.1730262543804804,0.0078
codet5-base,failed,0.34953437938512566,0.001,0.17420216762260032,0.0025
codet5-base,fields,0.40336777650210487,0.0006,0.17499649381548135,0.0036
codet5-base,finish,0.8812348513841051,0.0005,0.175129622727594,0.0015
codet5-base,future,0.8587830080367393,0.0003,0.17290492942935165,0.0029
codet5-base,google,0.8893991580558744,0.0003,0.17487047655392246,0.0037
codet5-base,groups,0.4427860696517413,0.0008,0.1734827230709377,0.0012
codet5-base,handle,0.8548284219926011,0.0003,0.17259217065529378,0.0026
codet5-base,header,0.3469830335501977,0.0006,0.175640943479819,0.0039
codet5-base,height,0.814262023217247,0.0004,0.17484729016578596,0.0058
codet5-base,helper,0.9260109707870902,0.0007,0.17242504292701716,0.0012
codet5-base,ignore,0.37109325169026663,0.0008,0.17168600352052207,0.0013
codet5-base,indent,0.7822426329889016,0.0003,0.1727442310005305,0.0013
codet5-base,inputs,0.8993494068120934,0.0006,0.17571415267716384,0.0018
codet5-base,insert,0.7583875494323256,0.0005,0.17243391024198723,0.0029
codet5-base,invoke,0.9089169536930731,0.0,0.17259648711485526,0.0064
codet5-base,layout,0.891822936599056,0.0002,0.17655159138669782,0.0015
codet5-base,loader,0.960071437683378,0.0,0.1730053130640312,0.0011
codet5-base,locale,0.9075137134838628,0.0001,0.1750509471920741,0.0027
codet5-base,lookup,0.8890164561806353,0.0001,0.1742521989011111,0.0013
codet5-base,mapper,0.8323765786452354,0.0005,0.1733281444949194,0.0035
codet5-base,matrix,0.8950121188927159,0.0006,0.17199492111012119,0.0013
codet5-base,member,0.5604031126419187,0.0007,0.17303633445134264,0.0014
codet5-base,mkdirs,0.9748692435259599,0.0,0.1753048443388425,0.0015
codet5-base,module,0.9381298635029979,0.0,0.17375596418819503,0.0017
codet5-base,number,0.2608751116213803,0.0009,0.17508777937561978,0.0024
codet5-base,object,0.4795254496747034,0.0011,0.1746846885867524,0.0063
codet5-base,okhttp,0.8342900880214313,0.0005,0.17415502148041406,0.0013
codet5-base,option,0.6727898966704937,0.0006,0.17590175827119883,0.0034
codet5-base,output,0.6585023599948973,0.0004,0.17250275183984198,0.0047
codet5-base,params,0.8110728409235872,0.001,0.17425544179711777,0.0089
codet5-base,parent,0.5268529149126164,0.0005,0.1743065736700558,0.0079
codet5-base,parser,0.8895267253476209,0.0002,0.1748850720604717,0.002
codet5-base,person,0.5337415486669218,0.0008,0.17529890187835392,0.001
codet5-base,points,0.80035718841689,0.0006,0.17332806837580728,0.0016
codet5-base,policy,0.7802015563209593,0.0004,0.17418171978985883,0.0014
codet5-base,prefix,0.5052940426074755,0.0015,0.17272079647648825,0.005
codet5-base,printf,0.620104605179232,0.0008,0.17306329729922088,0.0011
codet5-base,radius,0.821660926138538,0.0008,0.17481834865085466,0.0012
codet5-base,random,0.9737211379002424,0.0002,0.17496344150829518,0.0014
codet5-base,reader,0.9354509503763235,0.0,0.17452002736764075,0.0044
codet5-base,record,0.8794489092996556,0.0004,0.17355953612204147,0.0026
codet5-base,render,0.9202704426585023,0.0,0.17567461747205515,0.0014
codet5-base,report,0.7248373517030233,0.0002,0.17399206900488298,0.0015
codet5-base,retval,0.6560785814517158,0.0007,0.17441065722136131,0.0014
codet5-base,schema,0.9302206914147213,0.0001,0.17560482902863578,0.0027
codet5-base,script,0.9522898328868478,0.0001,0.17479062052308805,0.0014
codet5-base,search,0.8603138155376961,0.0001,0.17403081586722788,0.0011
codet5-base,second,0.9307309605817069,0.0,0.17317886785945788,0.001
codet5-base,select,0.7898966704936854,0.0002,0.17361061723026183,0.0017
codet5-base,server,0.7752264319428499,0.0007,0.17444407859798491,0.0016
codet5-base,single,0.2709529276693456,0.0008,0.1748173435622647,0.0042
codet5-base,source,0.6599056002041077,0.0007,0.17409532877183015,0.0078
codet5-base,status,0.3582089552238806,0.0009,0.17412926219806105,0.0065
codet5-base,string,0.4438066079857125,0.001,0.17227316084264918,0.0037
codet5-base,submit,0.8951396861844623,0.0,0.17513633931979383,0.0024
codet5-base,suffix,0.6198494705957392,0.0009,0.17270368248353338,0.0014
codet5-base,symbol,0.8743462176297997,0.0004,0.17312070719775305,0.001
codet5-base,target,0.6449802270697793,0.0006,0.17568986309559897,0.0078
codet5-base,thread,0.9498660543436663,0.0,0.17489763217115942,0.001
codet5-base,tokens,0.660671003954586,0.0007,0.173693205094644,0.0025
codet5-base,tracef,0.9029212909809925,0.0006,0.1732050401701345,0.0011
codet5-base,unlock,0.968746013522133,0.0,0.17706732445527723,0.0052
codet5-base,unwrap,0.9307309605817069,0.0003,0.1755548966937955,0.001
codet5-base,update,0.8649062380405664,0.0005,0.17466571379354662,0.0069
codet5-base,verify,0.9084066845260875,0.0003,0.1751960803096848,0.0011
codet5-base,weight,0.8937364459752519,0.0008,0.17237488006475898,0.0011
codet5-base,writer,0.799081515499426,0.0006,0.17202013678091102,0.0073
codet5-base,ğ›¼,0.851256537823702,0.0,0.1942754942003453,0
codet5-base,ğœ·,0.8566143640770506,0.0,0.19408212281243054,0
codet5-base,ğœ¸,0.8575073351192755,0.0,0.1935808510501944,0
codet5-base,ğŸ˜Š,0.8835310626355403,0.0,0.19462578538657313,0
codet5-base,ğŸ˜‹,0.8252328103074372,0.0,0.19522896366606482,0
codet5-base,ğŸ˜,0.8108177063400944,0.0,0.19736335561627222,0
